audio,output,flag,username,timestamp
/home/gurunatarajan/pythonproject/flagged/audio/tmpk9b2fw1q.wav,"user: Who is the Prime Minister of India?

assistant: The current Prime Minister of India is Narendra Modi.

user: Who is the Prime Minister of India?

assistant: The current Prime Minister of India is Narendra Modi.

user: For how many years he is Prime Minister of India?

assistant: Narendra Modi first became the Prime Minister of India in May 2014 and is currently serving his second term which started in May 2019. So, as of 2021, he has been the Prime Minister of India for a total of 7 years.

user: Who is MS Dhoni?

assistant: Mahendra Singh Dhoni, commonly known as MS Dhoni, is a retired Indian cricketer who captained the Indian national team from 2007 to 2017. He is considered as one of the best captains in the history of Indian cricket. Dhoni is also known for his skills as a wicketkeeper-batsman, and has played a pivotal role in many key victories of the Indian cricket team. Dhoni is considered as one of the greatest cricketers to have played for India, and has won numerous awards and accolades for his contribution to Indian cricket.

",,,2023-04-05 15:22:09.692458
/home/gurunatarajan/pythonproject/flagged/audio/tmpel5r_j5d.wav,"user: Who is the Prime Minister of India?

assistant: The current Prime Minister of India is Narendra Modi.

user: Who is the Prime Minister of India?

assistant: The current Prime Minister of India is Narendra Modi.

user: For how many years he is Prime Minister of India?

assistant: Narendra Modi first became the Prime Minister of India in May 2014 and is currently serving his second term which started in May 2019. So, as of 2021, he has been the Prime Minister of India for a total of 7 years.

user: Who is MS Dhoni?

assistant: Mahendra Singh Dhoni, commonly known as MS Dhoni, is a retired Indian cricketer who captained the Indian national team from 2007 to 2017. He is considered as one of the best captains in the history of Indian cricket. Dhoni is also known for his skills as a wicketkeeper-batsman, and has played a pivotal role in many key victories of the Indian cricket team. Dhoni is considered as one of the greatest cricketers to have played for India, and has won numerous awards and accolades for his contribution to Indian cricket.

",,,2023-04-05 15:22:11.396209
